[{"pk": 1, "model": "recipes.recipe", "fields": {"title": "\u0422\u0443\u0448\u0435\u043d\u043a\u0430 \u0441 \u043a\u0430\u0440\u0442\u043e\u0445\u043e\u0439", "image": "recipe/pot_15-377819_213x160.jpg", "ingradients": "\r\n    \u0422\u0443\u0448\u0435\u043d\u043a\u0430 (\u0435\u0441\u043b\u0438 \u043e\u043d\u0430 \u043d\u0435 \u0438\u0437 \u0423\u0441\u0430\u0434\u044c\u0431\u0430 \u041a\u043d\u044f\u0436\u0438\u0447\u0438 \u2014 \u0431\u0440\u043e\u0441\u044c\u0442\u0435 \u0437\u0430\u0442\u0435\u044e \u0433\u043e\u0442\u043e\u0432\u0438\u0442\u044c!)\r\n    \u041a\u0430\u0440\u0442\u043e\u0445\u0430\r\n    \u041c\u043e\u0440\u043a\u043e\u0432\u044c\r\n    \u0417\u0435\u043b\u0435\u043d\u044c \u0438 \u0447\u0435\u0441\u043d\u043e\u043a (\u043f\u043e \u0436\u0435\u043b\u0430\u043d\u0438\u044e)\r\n", "datetime": "2013-11-06T20:44:59Z", "time": null, "authors": "\u0420\u0435\u0446\u0435\u043f\u0442 \u043e\u0442 \u0410\u043b\u0435\u043a\u0441\u0435\u044f \u0410\u0440\u043d\u0430\u0443\u0442\u043e\u0432\u0430 \u0438 \u0414\u0438\u0430\u043d\u044b \u0420\u043e\u043c\u0430\u043d\u044e\u0442\u0435\u043d\u043a\u043e, \u041c\u043e\u0441\u043a\u0432\u0430.\r\n\r\n\u00ab\u0415\u0441\u043b\u0438 \u0432\u0440\u0435\u043c\u0435\u043d\u0438 \u043d\u0430 \u043f\u0440\u0438\u0433\u043e\u0442\u043e\u0432\u043b\u0435\u043d\u0438\u0435 \u0443\u0436\u0438\u043d\u0430 \u0438 \u043e\u0447\u0435\u043d\u044c \u043c\u0430\u043b\u043e, \u0442\u043e \u0432\u043a\u0443\u0441\u0430 \u0442\u043e\u0447\u043d\u043e \u043d\u0435 \u0443\u0431\u0430\u0432\u0438\u0442\u0441\u044f!\r\n\r\n\u041e\u0442 \u0432\u0441\u0435\u0439 \u0434\u0443\u0448\u0438 \u0441\u043e\u0432\u0435\u0442\u0443\u0435\u043c \u043d\u0430\u0441\u043b\u0430\u0434\u0438\u0442\u044c\u0441\u044f \u0442\u0443\u0448\u0435\u043d\u043a\u043e\u0439 \u0438\u0437 \u043a\u0440\u043e\u043b\u0438\u043a\u0430!!!\u00bb", "desc": "\u0411\u044b\u0441\u0442\u0440\u043e \u0438 \u0432\u043a\u0443\u0441\u043d\u043e \u043f\u043e\u043a\u0443\u0448\u0430\u0442\u044c \u043c\u043e\u0436\u043d\u043e, \u0435\u0441\u043b\u0438 \u0435\u0441\u0442\u044c \u0442\u0443\u0448\u0435\u043d\u043a\u0430 \u0438 \u043a\u0430\u0440\u0442\u043e\u0445\u0430 \u043f\u043e\u0434 \u0440\u0443\u043a\u043e\u0439!"}}, {"pk": 2, "model": "recipes.recipe", "fields": {"title": "\u0421\u0443\u043f \u0441 \u0449\u0430\u0432\u0435\u043b\u0435\u043c", "image": "recipe/soup11-300x199.jpg", "ingradients": "\r\n    \u041c\u044f\u0441\u043e (\u043d\u0430 \u0412\u0430\u0448 \u0432\u044b\u0431\u043e\u0440)\r\n    \u0429\u0430\u0432\u0435\u043b\u044c\r\n    \u041c\u043e\u0440\u043a\u043e\u0432\u044c\r\n    \u041a\u0430\u0440\u0442\u043e\u0445\u0430\r\n    \u041f\u0435\u0440\u0435\u0446 \u0441\u043b\u0430\u0434\u043a\u0438\u0439\r\n    \u0427\u0435\u0441\u043d\u043e\u043a\r\n    \u0417\u0435\u043b\u0435\u043d\u044c (\u043f\u043e \u0432\u043a\u0443\u0441\u0443)\r\n", "datetime": "2013-11-14T16:47:58Z", "time": null, "authors": "\u0420\u0435\u0446\u0435\u043f\u0442 \u043e\u0442 \u0410\u043b\u0435\u043a\u0441\u0435\u044f \u0410\u0440\u043d\u0430\u0443\u0442\u043e\u0432\u0430 \u0438 \u0414\u0438\u0430\u043d\u044b \u0420\u043e\u043c\u0430\u043d\u044e\u0442\u0435\u043d\u043a\u043e, \u041c\u043e\u0441\u043a\u0432\u0430.\r\n\r\n\u00ab\u0421\u0430\u043c\u044b\u0439 \u043f\u043e\u043b\u0435\u0437\u043d\u044b\u0439 \u0441\u0443\u043f \u2014 \u0437\u0435\u043b\u0435\u043d\u044b\u0439. \u0410 \u043c\u044f\u0441\u043e, \u0441\u0430\u043c\u043e\u0435 \u043f\u043e\u043b\u0435\u0437\u043d\u043e\u0435 \u2014 \u043a\u0440\u043e\u043b\u0438\u043a\u043e\u0432!\r\n\r\n\u041e\u043f\u0440\u043e\u0431\u0443\u0435\u043c-\u043a\u0430 \u043d\u0430 \u0441\u0435\u0431\u0435!\r\n\r\n\u041d\u0430\u0448 \u0433\u043e\u0441\u0442\u044c \u2014 \u043a\u0440\u043e\u043b\u0438\u043a \u0438 \u0449\u0430\u0432\u0435\u043b\u044c!\r\n\r\n\u041f\u0440\u0438\u0433\u043e\u0442\u043e\u0432\u0438\u043b\u0438\u0441\u044c!!!", "desc": "\u0421\u0432\u043e\u0435\u0439 \u043a\u0438\u0441\u043b\u0438\u043d\u043a\u043e\u0439 \u043e\u043d \u043f\u0440\u0438\u0432\u043d\u043e\u0441\u0438\u0442 \u043e\u0441\u043e\u0431\u044b\u0439, \u043d\u0435 \u043f\u043e\u0445\u043e\u0436\u0438\u0439 \u043d\u0435 \u043d\u0430 \u0447\u0442\u043e \u0432\u043a\u0443\u0441. \u0429\u0430\u0432\u0435\u043b\u044c \u043e\u043a\u0430\u0437\u044b\u0432\u0430\u0435\u0442 \u043f\u043e\u043b\u043e\u0436\u0438\u0442\u0435\u043b\u044c\u043d\u043e\u0435 \u0434\u0435\u0439\u0441\u0442\u0432\u0438\u0435 \u043d\u0430 \u043e\u0440\u0433\u0430\u043d\u0438\u0437\u043c \u0438 \u0441\u043f\u043e\u0441\u043e\u0431\u0441\u0442\u0432\u0443\u0435\u0442 \u0430\u043a\u0442\u0438\u0432\u0438\u0437\u0430\u0446\u0438\u0438 \u0434\u0435\u044f\u0442\u0435\u043b\u044c\u043d\u043e\u0441\u0442\u0438 \u0440\u0430\u0437\u043b\u0438\u0447\u043d\u044b\u0445 \u0432\u043d\u0443\u0442\u0440\u0435\u043d\u043d\u0438\u0445 \u043e\u0440\u0433\u0430\u043d\u043e\u0432. \u0420\u0435\u0446\u0435\u043f\u0442 \u0441\u0443\u043f\u0430 \u0438\u0437 \u0449\u0430\u0432\u0435\u043b\u044f \u043e\u0447\u0435\u043d\u044c \u043f\u0440\u043e\u0441\u0442\u043e\u0439 \u0432 \u043f\u0440\u0438\u0433\u043e\u0442\u043e\u0432\u043b\u0435\u043d\u0438\u0438 \u0438 \u043d\u0435 \u0441\u043e\u0434\u0435\u0440\u0436\u0438\u0442 \u043c\u043d\u043e\u0433\u043e \u043a\u043e\u043c\u043f\u043e\u043d\u0435\u043d\u0442\u043e\u0432."}}, {"pk": 3, "model": "recipes.recipe", "fields": {"title": "\u0412\u0438\u043d\u0435\u0433\u0440\u0435\u0442", "image": "recipe/12.jpg", "ingradients": "<div class=\"et-box et-shadow\">\r\n<div class=\"et-box-content\">\r\n<ul>\r\n<li>\u041a\u0430\u0440\u0442\u043e\u0445\u0430</li>\r\n<li>\u0421\u0432\u0435\u043a\u043b\u0430</li>\r\n<li>\u041b\u0443\u043a</li>\r\n<li>\u041c\u043e\u0440\u043a\u043e\u0432\u044c</li>\r\n<li>\u0421\u043e\u043b\u0435\u043d\u044b\u0435 \u043e\u0433\u0443\u0440\u0446\u044b</li>\r\n<li>\u041a\u0432\u0430\u0448\u0435\u043d\u0430\u044f \u043a\u0430\u043f\u0443\u0441\u0442\u0430</li>\r\n<li>\u0417\u0435\u043b\u0435\u043d\u044b\u0439 \u0433\u043e\u0440\u043e\u0448\u0435\u043a</li>\r\n<li>\u0420\u0430\u0441\u0442\u0438\u0442\u0435\u043b\u044c\u043d\u043e\u0435 \u0438\u043b\u0438 \u043e\u043b\u0438\u0432\u043a\u043e\u0432\u043e\u0435 \u043c\u0430\u0441\u043b\u043e</li>\r\n<li>\u0417\u0435\u043b\u0435\u043d\u044c \u043f\u043e \u0432\u043a\u0443\u0441\u0443</li>\r\n</ul>\r\n</div>\r\n</div>", "datetime": "2013-11-14T20:10:01Z", "time": "1 \u0447\u0430\u0441                                                                                                                                                                                                                                                     ", "authors": "<p>\u0420\u0435\u0446\u0435\u043f\u0442 \u043e\u0442 \u0410\u043b\u0435\u043a\u0441\u0435\u044f \u0410\u0440\u043d\u0430\u0443\u0442\u043e\u0432\u0430 \u0438 \u0414\u0438\u0430\u043d\u044b \u0420\u043e\u043c\u0430\u043d\u044e\u0442\u0435\u043d\u043a\u043e, \u041c\u043e\u0441\u043a\u0432\u0430. &laquo;\u0420\u0430\u0431\u043e\u0442\u0430\u0432\u0448\u0438\u0439 \u0432 \u0434\u0432\u043e\u0440\u0446\u043e\u0432\u043e\u0439 \u043a\u0443\u0445\u043d\u0435 \u0437\u043d\u0430\u043c\u0435\u043d\u0438\u0442\u044b\u0439 \u0444\u0440\u0430\u043d\u0446\u0443\u0437\u0441\u043a\u0438\u0439 \u043f\u043e\u0432\u0430\u0440 \u0410\u043d\u0442\u0443\u0430\u043d \u041a\u0430\u0440\u0435\u043c, \u043d\u0430\u0431\u043b\u044e\u0434\u0430\u044f \u0437\u0430 \u0440\u0430\u0431\u043e\u0442\u043e\u0439 \u0440\u0443\u0441\u0441\u043a\u0438\u0445 \u043f\u043e\u0432\u0430\u0440\u043e\u0432, \u0437\u0430\u0438\u043d\u0442\u0435\u0440\u0435\u0441\u043e\u0432\u0430\u043b\u0441\u044f \u043f\u0440\u0438\u0433\u043e\u0442\u043e\u0432\u043b\u0435\u043d\u0438\u0435\u043c \u043d\u0435\u0438\u0437\u0432\u0435\u0441\u0442\u043d\u043e\u0433\u043e \u0435\u043c\u0443 \u0441\u0430\u043b\u0430\u0442\u0430. \u0423\u0432\u0438\u0434\u0435\u0432, \u0447\u0442\u043e \u0433\u043e\u0442\u043e\u0432\u043e\u0435 \u0431\u043b\u044e\u0434\u043e \u043f\u043e\u0432\u0430\u0440\u0430 \u043f\u043e\u043b\u0438\u0432\u0430\u044e\u0442 \u0443\u043a\u0441\u0443\u0441\u043e\u043c, \u041a\u0430\u0440\u0435\u043c, \u0443\u043a\u0430\u0437\u044b\u0432\u0430\u044f \u043d\u0430 \u043d\u0435\u0433\u043e, \u0441\u043f\u0440\u043e\u0441\u0438\u043b: &laquo;\u0412\u0438\u043d\u0435\u0433\u0440?&raquo; (\u043f\u043e-\u0444\u0440\u0430\u043d\u0446\u0443\u0437\u0441\u043a\u0438 vinaigre &mdash; \u0443\u043a\u0441\u0443\u0441). \u041f\u043e\u0432\u0430\u0440\u0430\u043c \u043f\u043e\u043a\u0430\u0437\u0430\u043b\u043e\u0441\u044c, \u0447\u0442\u043e \u043e\u043d \u043f\u0440\u043e\u0438\u0437\u043d\u0435\u0441 \u043d\u0430\u0437\u0432\u0430\u043d\u0438\u0435 \u0431\u043b\u044e\u0434\u0430, \u0438 \u043e\u043d\u0438 \u0441\u043e\u0433\u043b\u0430\u0441\u043d\u043e \u0437\u0430\u043a\u0438\u0432\u0430\u043b\u0438 \u0433\u043e\u043b\u043e\u0432\u0430\u043c\u0438: &laquo;\u0412\u0438\u043d\u0435\u0433\u0440\u0435\u0442, \u0432\u0438\u043d\u0435\u0433\u0440\u0435\u0442&hellip;&raquo; \u0422\u0430\u043a \u0432 \u0446\u0430\u0440\u0441\u043a\u043e\u043c \u043c\u0435\u043d\u044e \u043f\u043e\u044f\u0432\u0438\u043b\u043e\u0441\u044c \u043d\u043e\u0432\u043e\u0435 \u043d\u0430\u0437\u0432\u0430\u043d\u0438\u0435 \u0431\u043b\u044e\u0434\u0430, \u043a\u043e\u0442\u043e\u0440\u043e\u0435, \u0432\u044b\u0439\u0434\u044f \u0437\u0430 \u043f\u0440\u0435\u0434\u0435\u043b\u044b \u0434\u0432\u043e\u0440\u0446\u0430, \u0443\u043f\u0440\u043e\u0441\u0442\u0438\u043b\u043e\u0441\u044c \u0434\u043e \u043d\u0435\u0443\u0437\u043d\u0430\u0432\u0430\u0435\u043c\u043e\u0441\u0442\u0438 \u0438 \u0441\u043a\u043e\u0440\u043e \u0441\u0442\u0430\u043b\u043e \u043e\u0431\u044b\u0447\u043d\u043e\u0439 \u0437\u0430\u043a\u0443\u0441\u043a\u043e\u0439 \u0440\u0443\u0441\u0441\u043a\u0438\u0445 \u043b\u044e\u0434\u0435\u0439&raquo;.</p>", "desc": "<p><span class=\"et-dropcap\">\u0411</span>\u0435\u0437\u0443\u0441\u043b\u043e\u0432\u043d\u043e, \u0432\u0438\u043d\u0435\u0433\u0440\u0435\u0442 \u0441\u0447\u0438\u0442\u0430\u0435\u0442\u0441\u044f \u043d\u0435 \u0442\u043e\u043b\u044c\u043a\u043e \u043f\u043e\u043b\u0435\u0437\u043d\u044b\u043c\u0438, \u043d\u043e \u0438 \u0432\u043a\u0443\u0441\u043d\u044b\u043c \u0441\u0430\u043b\u0430\u0442\u043e\u043c, \u043a\u043e\u0442\u043e\u0440\u044b\u0439 \u043e\u0447\u0435\u043d\u044c \u043b\u0435\u0433\u043a\u043e \u0438 \u043f\u0440\u043e\u0441\u0442\u043e \u0433\u043e\u0442\u043e\u0432\u0438\u0442\u044c. \u041a\u0440\u043e\u043c\u0435 \u0442\u043e\u0433\u043e, \u043e\u043d \u0432\u0435\u0441\u044c\u043c\u0430 \u043f\u0438\u0442\u0430\u0442\u0435\u043b\u044c\u043d\u044b\u0439, \u0438 \u0438\u043c\u0435\u0435\u0442 \u0432\u0441\u0435 \u043d\u0435\u043e\u0431\u0445\u043e\u0434\u0438\u043c\u044b\u0435 \u0434\u043b\u044f \u043e\u0440\u0433\u0430\u043d\u0438\u0437\u043c\u0430, \u043c\u0438\u043d\u0435\u0440\u0430\u043b\u044c\u043d\u044b\u0435 \u0432\u0435\u0449\u0435\u0441\u0442\u0432\u0430, \u0444\u0435\u0440\u043c\u0435\u043d\u0442\u044b \u0438 \u0432\u0438\u0442\u0430\u043c\u0438\u043d\u044b.</p>\r\n<p>\u041c\u044b \u043e\u0431\u044b\u0447\u043d\u043e \u0443\u043a\u0441\u0443\u0441 \u043d\u0435 \u0438\u0441\u043f\u043e\u043b\u044c\u0437\u0443\u0435\u043c.</p>"}}, {"pk": 4, "model": "recipes.recipe", "fields": {"title": "\u0420\u0430\u0441\u0441\u044b\u043f\u0447\u0430\u0442\u044b\u0439 \u043f\u043b\u043e\u0432 ", "image": "recipe/rec_14_1.jpg", "ingradients": "<div class=\"et-box et-shadow\">\r\n<div class=\"et-box-content\">\r\n<ul>\r\n<li>\u0411\u0430\u0440\u0430\u043d\u0438\u043d\u0430</li>\r\n<li>\u0420\u0438\u0441</li>\r\n<li>\u041b\u0443\u043a</li>\r\n<li>\u0420\u0430\u0441\u0442\u0438\u0442\u0435\u043b\u044c\u043d\u043e\u0435 \u043c\u0430\u0441\u043b\u043e</li>\r\n<li>\u041c\u043e\u0440\u043a\u043e\u0432\u044c</li>\r\n<li>\u0427\u0435\u0441\u043d\u043e\u043a</li>\r\n<li>\u041f\u0440\u0438\u043f\u0440\u0430\u0432\u044b \u0434\u043b\u044f \u043f\u043b\u043e\u0432\u0430 (\u0432 \u0437\u0430\u0432\u0438\u0441\u0438\u043c\u043e\u0441\u0442\u0438 \u043e\u0442 \u043f\u0440\u0435\u0434\u043f\u043e\u0447\u0442\u0435\u043d\u0438\u0439)</li>\r\n<li>\u0417\u0435\u043b\u0435\u043d\u044c</li>\r\n</ul>\r\n</div>\r\n</div>", "datetime": "2013-11-14T20:18:08Z", "time": "1.5 \u0447\u0430\u0441\u0430                                                                                                                                                                                                                                                  ", "authors": "<p><strong>\u0420\u0435\u0446\u0435\u043f\u0442 \u043e\u0442 \u0410\u043b\u0435\u043a\u0441\u0435\u044f \u0410\u0440\u043d\u0430\u0443\u0442\u043e\u0432\u0430 \u0438 \u0414\u0438\u0430\u043d\u044b \u0420\u043e\u043c\u0430\u043d\u044e\u0442\u0435\u043d\u043a\u043e, \u041c\u043e\u0441\u043a\u0432\u0430.</strong></p>\r\n<p>&laquo;\u041f\u043b\u043e\u0432&nbsp;\u043e\u0447\u0435\u043d\u044c \u043f\u0440\u043e\u0441\u0442 \u0432 \u043f\u0440\u0438\u0433\u043e\u0442\u043e\u0432\u043b\u0435\u043d\u0438\u0438 \u0438 \u0442\u0440\u0430\u0434\u0438\u0446\u0438\u043e\u043d\u043d\u043e \u0432\u043a\u0443\u0441\u0435\u043d!</p>\r\n<p>\u041c\u044b \u0433\u043e\u0442\u043e\u0432\u0438\u043b\u0438 \u0438 \u043a\u0443\u0448\u0430\u043b\u0438 \u0432\u0434\u0432\u043e\u0451\u043c. \u0420\u0435\u043a\u043e\u043c\u0435\u043d\u0434\u0443\u0435\u043c \u0432\u0441\u0435\u043c-\u0432\u0441\u0435\u043c-\u0432\u0441\u0435\u043c \u043d\u0435 \u0435\u0441\u0442\u044c \u0432 \u043e\u0434\u0438\u043d\u043e\u0447\u0435\u0441\u0442\u0432\u0435!&raquo; <img class=\"wp-smiley\" src=\"http://xn----7sbadopoap4a1bx6d4c8b.xn--p1ai/wp-includes/images/smilies/icon_wink.gif\" alt=\";-)\" data-lazy-loaded=\"true\" /></p>", "desc": "<p>\u0440\u0435\u0434\u043b\u0430\u0433\u0430\u0435\u043c \u0412\u0430\u043c \u043d\u0430\u0448 \u0440\u0435\u0446\u0435\u043f\u0442 &laquo;\u043d\u0435 \u0440\u0438\u0441\u043e\u0432\u043e\u0439 \u043a\u0430\u0448\u0438&raquo; \u0438\u0437 \u0431\u0430\u0440\u0430\u043d\u0438\u043d\u044b.</p>\r\n<p>&laquo;&hellip;- \u041f\u043b\u043e\u0432 \u043f\u043e\u043b\u0443\u0447\u0438\u0442\u0441\u044f \u0432\u043a\u0443\u0441\u043d\u0435\u0439, \u0435\u0441\u043b\u0438 \u0431\u0440\u0430\u0442\u044c \u043f\u0440\u043e\u0434\u0443\u043a\u0442\u044b \u0432 \u0423\u0441\u0430\u0434\u044c\u0431\u0435 \u041a\u043d\u044f\u0436\u0438\u0447\u0435\u0439!</p>\r\n<p>- \u0414\u0430, \u044d\u0442\u043e \u0442\u0430\u043a!&hellip;&raquo;</p>"}}, {"pk": 5, "model": "recipes.recipe", "fields": {"title": "\u0425\u0430\u0440\u0447\u043e \u0438\u0437 \u0431\u0430\u0440\u0430\u043d\u0438\u043d\u044b", "image": "recipe/ppp_111.jpg", "ingradients": "<div class=\"et-box et-shadow\">\r\n<div class=\"et-box-content\">\r\n<ul>\r\n<li>\u0411\u0430\u0440\u0430\u043d\u0438\u043d\u0430</li>\r\n<li>\u0420\u0438\u0441</li>\r\n<li>\u041b\u0443\u043a</li>\r\n<li>\u0420\u0430\u0441\u0442\u0438\u0442\u0435\u043b\u044c\u043d\u043e\u0435 \u043c\u0430\u0441\u043b\u043e</li>\r\n<li>\u041f\u043e\u043c\u0438\u0434\u043e\u0440</li>\r\n<li>\u0427\u0435\u0441\u043d\u043e\u043a</li>\r\n<li>\u0417\u0435\u043b\u0435\u043d\u044c</li>\r\n<li>\u0422\u043e\u043c\u0430\u0442\u043d\u0430\u044f \u043f\u0430\u0441\u0442\u0430</li>\r\n<li>\u041b\u0430\u0432\u0440\u043e\u0432\u044b\u0439 \u043b\u0438\u0441\u0442</li>\r\n<li>&nbsp;\u041f\u0435\u0440\u0435\u0446 \u0433\u043e\u0440\u043e\u0448\u043a\u043e\u043c (\u0447\u0451\u0440\u043d\u044b\u0439)</li>\r\n<li>\u0421\u043c\u0435\u0441\u044c \u043f\u0435\u0440\u0446\u0435\u0432 (4-\u0440\u0435 \u043f\u0435\u0440\u0446\u0430)</li>\r\n<li>\u041f\u0435\u0440\u0435\u0446 \u043a\u0440\u0430\u0441\u043d\u044b\u0439 &laquo;\u0441\u0442\u0440\u0443\u0447\u0451\u043a&raquo;</li>\r\n</ul>\r\n</div>\r\n</div>", "datetime": "2013-11-14T20:58:35Z", "time": "1,5 \u0447\u0430\u0441\u0430                                                                                                                                                                                                                                                  ", "authors": "<p><strong>\u0420\u0435\u0446\u0435\u043f\u0442 \u043e\u0442 \u0410\u043b\u0435\u043a\u0441\u0435\u044f \u0410\u0440\u043d\u0430\u0443\u0442\u043e\u0432\u0430 \u0438 \u0414\u0438\u0430\u043d\u044b \u0420\u043e\u043c\u0430\u043d\u044e\u0442\u0435\u043d\u043a\u043e, \u041c\u043e\u0441\u043a\u0432\u0430.</strong></p>\r\n<p>&laquo;\u041a\u0443\u0448\u0430\u0442\u044c \u0436\u0438\u0434\u043a\u043e\u0435 \u043d\u0443\u0436\u043d\u043e \u043e\u0431\u044f\u0437\u0430\u0442\u0435\u043b\u044c\u043d\u043e! \u041f\u043e\u044d\u0442\u043e\u043c\u0443 \u043d\u0435 \u043b\u0435\u043d\u0438\u043c\u0441\u044f \u0432\u0430\u0440\u0438\u0442\u044c \u0441\u0443\u043f\u044b!</p>\r\n<p>\u0412\u0441\u0435\u0433\u0434\u0430 \u043e\u0431\u0435\u0434\u0430\u0435\u043c \u0442\u043e\u043b\u044c\u043a\u043e \u0434\u043e\u043c\u0430, \u043d\u043e \u043d\u0435 \u0432\u0441\u0435\u0433\u0434\u0430 \u0432\u0434\u0432\u043e\u0451\u043c!&raquo;</p>", "desc": "<p><span class=\"et-dropcap\">\u0414</span>\u043b\u044f \u043b\u044e\u0431\u0438\u0442\u0435\u043b\u0435\u0439 \u043f\u0440\u0430\u0432\u0438\u043b\u044c\u043d\u043e\u0433\u043e \u0440\u0435\u0436\u0438\u043c\u0430 \u043f\u0438\u0442\u0430\u043d\u0438\u044f \u0440\u0435\u0448\u0438\u043b\u0438 \u0434\u043e\u0431\u0430\u0432\u0438\u0442\u044c \u0440\u0435\u0446\u0435\u043f\u0442 \u043f\u0435\u0440\u0432\u043e\u0433\u043e \u0431\u043b\u044e\u0434\u0430.</p>\r\n<p>\u0412\u044b\u0431\u043e\u0440 \u043f\u0430\u043b \u043d\u0430 \u0425\u0430\u0440\u0447\u043e.</p>\r\n<p>&laquo;&hellip;-\u0413\u043e\u0434 \u0434\u0440\u0430\u043a\u043e\u043d\u0430 \u0436\u0435!?</p>\r\n<p>-\u0414\u0430\u0432\u0430\u0439 \u043f\u043e\u0433\u043e\u0440\u044f\u0447\u0435\u0435, \u0430 \u0442\u043e \u0441\u043a\u043e\u0440\u043e \u0437\u0430\u043a\u043e\u043d\u0447\u0438\u0442\u0441\u044f!&hellip;&raquo; <img class=\"wp-smiley\" src=\"http://xn----7sbadopoap4a1bx6d4c8b.xn--p1ai/wp-includes/images/smilies/icon_smile.gif\" alt=\":-)\" data-lazy-loaded=\"true\" /></p>"}}, {"pk": 1, "model": "recipes.recipessteps", "fields": {"image": "recipe/pot_1-300x199.jpg", "desc": "\r\n\r\n\u041e\u0442\u043a\u0440\u044b\u0432\u0430\u0435\u043c \u0432\u043e\u043b\u0448\u0435\u0431\u043d\u0443\u044e \u0431\u0430\u043d\u043e\u0447\u043a\u0443,\r\n\r\n\u0432\u044b\u043a\u043b\u0430\u0434\u044b\u0432\u0430\u0435\u043c \u0432  \u0440\u0430\u0437\u043e\u0433\u0440\u0435\u0442\u044b\u0439 \u043a\u0430\u0437\u0430\u043d\r\n\r\n\u043a\u0443\u0441\u043e\u0447\u043a\u0438 \u043c\u044f\u0441\u0430.", "recipe": 1, "title": "\u0428\u0430\u0433 1"}}, {"pk": 2, "model": "recipes.recipessteps", "fields": {"image": "recipe/soup01-300x224.jpg", "desc": "\r\n\u041f\u043e\u0434\u0433\u043e\u0442\u0430\u0432\u043b\u0438\u0432\u0430\u0435\u043c \u0432\u044b\u0431\u0440\u0430\u043d\u043d\u043e\u0435 \u0434\u043b\u044f \u043f\u0440\u0438\u0433\u043e\u0442\u043e\u0432\u043b\u0435\u043d\u0438\u044f \u043c\u044f\u0441\u043e.\r\n\r\n\u041e\u0442\u0432\u0430\u0440\u0438\u0432\u0430\u0435\u043c \u0431\u0443\u043b\u044c\u043e\u043d.", "recipe": 2, "title": "\u0428\u0430\u0433 1"}}, {"pk": 3, "model": "recipes.recipessteps", "fields": {"image": "recipe/soup2.jpg", "desc": "\u041f\u0440\u0438 \u043d\u0435\u043e\u0431\u0445\u043e\u0434\u0438\u043c\u043e\u0441\u0442\u0438 \u0441\u043d\u0438\u043c\u0430\u0435\u043c \u043f\u0435\u043d\u043a\u0443.", "recipe": 2, "title": "\u0428\u0430\u0433 2"}}, {"pk": 4, "model": "recipes.recipessteps", "fields": {"image": "recipe/soup3.jpg", "desc": "\u0420\u0443\u0431\u0438\u043c \u043c\u043e\u0440\u043a\u043e\u0432\u044c. \u041e\u0442\u043f\u0440\u0430\u0432\u043b\u044f\u0435\u043c \u0432 \u0431\u0443\u043b\u044c\u043e\u043d.", "recipe": 2, "title": "\u0428\u0430\u0433 3"}}, {"pk": 5, "model": "recipes.recipessteps", "fields": {"image": "recipe/soup4.jpg", "desc": "\u0420\u0435\u0436\u0435\u043c \u043a\u0430\u0440\u0442\u043e\u0445\u0443. \u0421\u043b\u0435\u0434\u043e\u043c \u0437\u0430 \u043c\u043e\u0440\u043a\u043e\u0432\u043a\u043e\u0439.", "recipe": 2, "title": "\u0428\u0430\u0433 4"}}, {"pk": 6, "model": "recipes.recipessteps", "fields": {"image": "recipe/soup5_1.jpg", "desc": "\u041d\u0430 \u043e\u0447\u0435\u0440\u0435\u0434\u0438 \u043f\u0435\u0440\u0447\u0438\u043a.", "recipe": 2, "title": "\u0428\u0430\u0433 5"}}, {"pk": 7, "model": "recipes.recipessteps", "fields": {"image": "recipe/soup6.jpg", "desc": "\u0420\u0443\u0431\u0438\u043c \u043b\u0443\u043a \u0437\u0435\u043b\u0435\u043d\u044b\u0439.", "recipe": 2, "title": "\u0428\u0430\u0433 6"}}, {"pk": 8, "model": "recipes.recipessteps", "fields": {"image": "recipe/soup7.jpg", "desc": "\u0414\u043e\u0431\u0430\u0432\u043b\u044f\u0435\u043c \u0437\u0435\u043b\u0435\u043d\u044c \u0432 \u0433\u043e\u0442\u043e\u0432\u044b\u0439 \u0431\u0443\u043b\u044c\u043e\u043d.", "recipe": 2, "title": "\u0428\u0430\u0433 7"}}, {"pk": 9, "model": "recipes.recipessteps", "fields": {"image": "recipe/soup8.jpg", "desc": "\u0420\u0435\u0436\u0435\u043c \u0449\u0430\u0432\u0435\u043b\u044c.", "recipe": 2, "title": "\u0428\u0430\u0433 8"}}, {"pk": 10, "model": "recipes.recipessteps", "fields": {"image": "recipe/soup9.jpg", "desc": "\u0417\u0430  10 \u043c\u0438\u043d\u0443\u0442 \u0434\u043e \u0433\u043e\u0442\u043e\u0432\u043d\u043e\u0441\u0442\u0438\r\n\r\n\u0434\u043e\u0431\u0430\u0432\u043b\u044f\u0435\u043c \u0449\u0430\u0432\u0435\u043b\u044c.", "recipe": 2, "title": "\u0428\u0430\u0433 9"}}, {"pk": 11, "model": "recipes.recipessteps", "fields": {"image": "recipe/soup10.jpg", "desc": "\u0417\u0430 5 \u043c\u0438\u043d\u0443\u0442 \u0434\u043e \u0433\u043e\u0442\u043e\u0432\u043d\u043e\u0441\u0442\u0438 \u0440\u0435\u0436\u0435\u043c \u0447\u0435\u0441\u043d\u043e\u043a\r\n\r\n\u0438 \u043e\u0442\u043f\u0440\u0430\u0432\u043b\u044f\u0435\u043c \u043a \u0432\u0430\u0440\u0451\u043d\u044b\u043c \u0434\u0440\u0443\u0437\u044c\u044f\u043c.", "recipe": 2, "title": "\u0428\u0430\u0433 10"}}, {"pk": 12, "model": "recipes.recipessteps", "fields": {"image": "recipe/soup11.jpg", "desc": "\u041f\u043e\u043b\u0435\u0437\u043d\u043e\u0433\u043e \u0412\u0430\u043c \u0430\u043f\u043f\u0435\u0442\u0438\u0442\u0430! :)", "recipe": 2, "title": "\u0413\u043e\u0442\u043e\u0432\u043e!"}}, {"pk": 13, "model": "recipes.recipessteps", "fields": {"image": "recipe/1-300x199.jpg", "desc": "\u041e\u0442\u0432\u0430\u0440\u0438\u0432\u0430\u0435\u043c \u043a\u0430\u0440\u0442\u043e\u0448\u0435\u0447\u043a\u0443.", "recipe": 3, "title": "\u0428\u0430\u0433 1"}}, {"pk": 14, "model": "recipes.recipessteps", "fields": {"image": "recipe/2.jpg", "desc": "\u0422\u0430\u043a \u043a\u0430\u043a \u0432\u0440\u0435\u043c\u044f \u0432\u0430\u0440\u043a\u0438 \u0441\u0432\u0435\u043a\u043b\u044b \u0431\u043e\u043b\u0435\u0435 \u0434\u043b\u0438\u0442\u0435\u043b\u044c\u043d\u043e\u0435,\r\n\r\n\u043e\u0442\u0432\u0430\u0440\u0438\u0432\u0430\u0435\u043c \u0432 \u043e\u0442\u0434\u0435\u043b\u044c\u043d\u043e\u0439 \u043f\u043e\u0441\u0443\u0434\u0435 \u043c\u043e\u0440\u043a\u043e\u0432\u043a\u0443 \u0438 \u0441\u0432\u0435\u043a\u043b\u0443.", "recipe": 3, "title": "\u0428\u0430\u0433 2 "}}, {"pk": 15, "model": "recipes.recipessteps", "fields": {"image": "recipe/3.jpg", "desc": "\u041a\u0430\u0440\u0442\u043e\u0445\u0430 \u0433\u043e\u0442\u043e\u0432\u0430!\r\n\r\n\u041e\u0447\u0438\u0449\u0430\u0435\u043c \u0438 \u043f\u043e\u0434 \u043d\u043e\u0436.", "recipe": 3, "title": "\u0428\u0430\u0433 3"}}, {"pk": 16, "model": "recipes.recipessteps", "fields": {"image": "recipe/4.jpg", "desc": "\u0420\u0435\u0436\u0435\u043c \u043a\u0430\u0440\u0442\u043e\u0448\u0435\u0447\u043a\u0443.\r\n\r\n\u041e\u0447\u0438\u0449\u0430\u0435\u043c \u043c\u043e\u0440\u043a\u043e\u0432\u043a\u0443 \u0438 \u0441\u0432\u0435\u043a\u043b\u0443.", "recipe": 3, "title": "\u0428\u0430\u0433 4"}}, {"pk": 17, "model": "recipes.recipessteps", "fields": {"image": "recipe/5.jpg", "desc": "\u0420\u0435\u0436\u0435\u043c \u0441\u0432\u0435\u043a\u043b\u0443.\r\n\r\n\u0415\u0441\u043b\u0438 \u0440\u0435\u0437\u0430\u0442\u044c \u043e\u0432\u043e\u0449\u0438 \u043c\u0435\u043b\u043a\u043e \u2014 \u043f\u043e\u043b\u0443\u0447\u0438\u0442\u0441\u044f \u043a\u0440\u0430\u0441\u043d\u044b\u0439 \u0441\u0430\u043b\u0430\u0442,\r\n\r\n\u0435\u0441\u043b\u0438 \u043a\u0440\u0443\u043f\u043d\u043e \u2014 \u0442\u043e \u043a\u0430\u0436\u0434\u044b\u0439 \u043e\u0432\u043e\u0449 \u0431\u0443\u0434\u0435\u0442 \u044f\u0440\u043a\u0438\u043c.", "recipe": 3, "title": "\u0428\u0430\u0433 5"}}, {"pk": 18, "model": "recipes.recipessteps", "fields": {"image": "recipe/6.jpg", "desc": "\r\n\r\n\u0420\u0435\u0436\u0435\u043c \u043c\u043e\u0440\u043a\u043e\u0432\u044c.", "recipe": 3, "title": "\u0428\u0430\u0433 6"}}, {"pk": 19, "model": "recipes.recipessteps", "fields": {"image": "recipe/7.jpg", "desc": "\u0414\u043e\u0431\u0430\u0432\u043b\u044f\u0435\u043c \u043f\u043e\u0440\u0435\u0437\u0430\u043d\u043d\u044b\u0435 \u0441\u043e\u043b\u0435\u043d\u044b\u0435 \u043e\u0433\u0443\u0440\u0447\u0438\u043a\u0438.", "recipe": 3, "title": "\u0428\u0430\u0433 7 "}}, {"pk": 20, "model": "recipes.recipessteps", "fields": {"image": "recipe/8.jpg", "desc": "\u0428\u0438\u043d\u043a\u0443\u0435\u043c \u043b\u0443\u0447\u043e\u043a.", "recipe": 3, "title": "\u0428\u0430\u0433 8"}}, {"pk": 21, "model": "recipes.recipessteps", "fields": {"image": "recipe/9.jpg", "desc": "\u0412\u044b\u0441\u044b\u043f\u0430\u0435\u043c \u0433\u043e\u0440\u043e\u0448\u0438\u043d\u043a\u0438 \u043a \u043d\u0430\u0448\u0438\u043c \u043e\u0432\u043e\u0449\u0430\u043c.", "recipe": 3, "title": "\u0428\u0430\u0433 9"}}, {"pk": 22, "model": "recipes.recipessteps", "fields": {"image": "recipe/10.jpg", "desc": "\u0412\u044b\u043a\u043b\u0430\u0434\u044b\u0432\u0430\u0435\u043c \u043a\u0432\u0430\u0448\u0435\u043d\u0443\u044e \u043a\u0430\u043f\u0443\u0441\u0442\u043e\u0447\u043a\u0443.", "recipe": 3, "title": "\u0428\u0430\u0433 10"}}, {"pk": 23, "model": "recipes.recipessteps", "fields": {"image": "recipe/11.jpg", "desc": "\u0412\u0441\u0451 \u043f\u0435\u0440\u0435\u043c\u0435\u0448\u0438\u0432\u0430\u0435\u043c, \u0434\u043e\u0431\u0430\u0432\u043b\u044f\u0435\u043c \u0437\u0435\u043b\u0435\u043d\u0443\u0448\u043a\u0443 \u0438 \u043c\u0430\u0441\u043b\u0438\u0446\u0435.", "recipe": 3, "title": "\u0428\u0430\u0433 11"}}, {"pk": 24, "model": "recipes.recipessteps", "fields": {"image": "recipe/12_1.jpg", "desc": "\u041f\u0440\u0438\u044f\u0442\u043d\u043e\u0433\u043e \u0412\u0430\u043c \u0430\u043f\u043f\u0435\u0442\u0438\u0442\u0430! :)", "recipe": 3, "title": "\u0428\u0430\u0433 12"}}, {"pk": 25, "model": "recipes.recipessteps", "fields": {"image": "recipe/rec_1.jpg", "desc": "\u0411\u0435\u0440\u0451\u043c \u0431\u0430\u0440\u0430\u043d\u0438\u043d\u0443.", "recipe": 4, "title": "\u0428\u0430\u0433 1"}}, {"pk": 26, "model": "recipes.recipessteps", "fields": {"image": "recipe/rec_2.jpg", "desc": "\u041f\u0440\u043e\u043c\u044b\u0432\u0430\u0435\u043c. \u041e\u0442\u0441\u043e\u0435\u0434\u0438\u043d\u044f\u0435\u043c \u043c\u044f\u0441\u043e \u043e\u0442 \u043a\u043e\u0441\u0442\u0438.\r\n\r\n\u0420\u0435\u0436\u0435\u043c \u043d\u0430 \u0440\u0430\u0432\u043d\u044b\u0435 \u043a\u0443\u0441\u043a\u0438 \u0441\u0440\u0435\u0434\u043d\u0435\u0433\u043e \u0440\u0430\u0437\u043c\u0435\u0440\u0430.", "recipe": 4, "title": "\u0428\u0430\u0433 2"}}, {"pk": 27, "model": "recipes.recipessteps", "fields": {"image": "recipe/rec_3.jpg", "desc": "\u0417\u0430\u043c\u0430\u0447\u0438\u0432\u0430\u0435\u043c \u0440\u0438\u0441.", "recipe": 4, "title": "\u0428\u0430\u0433 3"}}, {"pk": 28, "model": "recipes.recipessteps", "fields": {"image": "recipe/rec_4.jpg", "desc": "\u0417\u0430\u043b\u0438\u0432\u0430\u0435\u043c \u0438 \u043d\u0430\u0433\u0440\u0435\u0432\u0430\u0435\u043c \u043c\u0430\u0441\u043b\u043e \u0432 \u043a\u0430\u0437\u0430\u043d\u0435.", "recipe": 4, "title": "\u0428\u0430\u0433 4"}}, {"pk": 29, "model": "recipes.recipessteps", "fields": {"image": "recipe/rec_5.jpg", "desc": "\u0414\u043e\u0431\u0430\u0432\u043b\u044f\u0435\u043c \u0431\u0430\u0440\u0430\u043d\u0438\u043d\u0443. \u041f\u043e\u0434\u0436\u0430\u0440\u0438\u0432\u0430\u0435\u043c.", "recipe": 4, "title": "\u0428\u0430\u0433 5"}}, {"pk": 30, "model": "recipes.recipessteps", "fields": {"image": "recipe/rec_6.jpg", "desc": "\u0427\u0438\u0441\u0442\u0438\u043c, \u043c\u043e\u0435\u043c, \u0440\u0435\u0436\u0435\u043c \u043b\u0443\u043a \u2014 \u043a\u043e\u043b\u044c\u0446\u0430\u043c\u0438 \u0438\u043b\u0438 \u043f\u043e\u043b\u0443\u043a\u043e\u043b\u044c\u0446\u0430\u043c\u0438.\r\n\r\n\u041c\u0435\u043b\u044c\u0447\u0438\u0442\u044c \u043d\u0435 \u043d\u0430\u0434\u043e.", "recipe": 4, "title": "\u0428\u0430\u0433 6"}}, {"pk": 31, "model": "recipes.recipessteps", "fields": {"image": "recipe/rec_7.jpg", "desc": "\u0414\u043e\u0431\u0430\u0432\u043b\u044f\u0435\u043c \u0432 \u043a\u0430\u0437\u0430\u043d \u043a \u043c\u044f\u0441\u0443. \u041e\u0431\u0436\u0430\u0440\u0438\u0432\u0430\u0435\u043c.", "recipe": 4, "title": "\u0428\u0430\u0433 7"}}, {"pk": 32, "model": "recipes.recipessteps", "fields": {"image": "recipe/rec_8.jpg", "desc": "\u0420\u0435\u0436\u0435\u043c \u043c\u043e\u0440\u043a\u043e\u0432\u043a\u0443. \u041d\u0435 \u0442\u0440\u0451\u043c \u043d\u0430 \u0442\u0451\u0440\u043a\u0435, \u0430 \u043d\u0435\u043f\u0440\u0435\u043c\u0435\u043d\u043d\u043e \u0440\u0435\u0436\u0435\u043c!", "recipe": 4, "title": "\u0428\u0430\u0433 8"}}, {"pk": 33, "model": "recipes.recipessteps", "fields": {"image": "recipe/rec_9.jpg", "desc": "\u0414\u043e\u0431\u0430\u0432\u043b\u044f\u0435\u043c \u0432 \u043f\u044b\u043b \u0434\u0430 \u0436\u0430\u0440.\r\n\r\n\u041e\u0431\u0436\u0430\u0440\u0438\u0432\u0430\u0435\u043c. \u0414\u043e\u0431\u0430\u0432\u043b\u044f\u0435\u043c \u0441\u043f\u0435\u0446\u0438\u0438 \u043f\u043e \u0432\u043a\u0443\u0441\u0443 \u0438 \u0436\u0435\u043b\u0430\u043d\u0438\u044e (\u043e\u0431\u044b\u0447\u043d\u043e \u044d\u0442\u043e \u043a\u0430\u0440\u0440\u0438, \u0437\u0443\u0440\u0430, \u0431\u0430\u0440\u0431\u0430\u0440\u0438\u0441\u2026)", "recipe": 4, "title": "\u0428\u0430\u0433 9"}}, {"pk": 34, "model": "recipes.recipessteps", "fields": {"image": "recipe/rec_10.jpg", "desc": "\u0412\u044b\u043a\u043b\u0430\u0434\u044b\u0432\u0430\u0435\u043c \u0430\u043a\u043a\u0443\u0440\u0430\u0442\u043d\u043e \u0440\u0438\u0441 \u043f\u043e\u0432\u0435\u0440\u0445 \u043c\u044f\u0441\u0430 \u0438 \u043e\u0432\u043e\u0449\u0435\u0439.\r\n\r\n\u0414\u043e\u0431\u0430\u0432\u043b\u044f\u0435\u043c \u0433\u043e\u043b\u043e\u0432\u043a\u0443 \u043f\u0440\u043e\u043c\u044b\u0442\u043e\u0433\u043e \u0438 \u043e\u0431\u0434\u0430\u043d\u043d\u043e\u0433\u043e \u043a\u0438\u043f\u044f\u0442\u043a\u043e\u043c \u0447\u0435\u0441\u043d\u043e\u043a\u0430.", "recipe": 4, "title": "\u0428\u0430\u0433 10"}}, {"pk": 35, "model": "recipes.recipessteps", "fields": {"image": "recipe/rec_11.jpg", "desc": "\u0417\u0430\u043b\u0438\u0432\u0430\u0435\u043c \u0432\u043e\u0434\u043e\u0439. \u041d\u0430\u043a\u0440\u044b\u0432\u0430\u0435\u043c \u043a\u0440\u044b\u0448\u043a\u043e\u0439. \u0423\u043c\u0435\u043d\u044c\u0448\u0430\u0435\u043c \u0442\u0435\u043c\u043f\u0435\u0440\u0430\u0442\u0443\u0440\u0443 \u0433\u043e\u0442\u043e\u0432\u043a\u0438.\r\n\r\n\u0416\u0434\u0451\u043c 40-60 \u043c\u0438\u043d\u0443\u0442.", "recipe": 4, "title": "\u0428\u0430\u0433 11"}}, {"pk": 36, "model": "recipes.recipessteps", "fields": {"image": "recipe/rec_12.jpg", "desc": "\u041f\u0435\u0440\u0435\u043c\u0435\u0448\u0438\u0432\u0430\u0435\u043c. \u0418 \u043d\u0430\u0441\u043b\u0430\u0436\u0434\u0430\u0435\u043c\u0441\u044f!", "recipe": 4, "title": "\u0428\u0430\u0433 12"}}, {"pk": 37, "model": "recipes.recipessteps", "fields": {"image": "recipe/rec_14.jpg", "desc": "\u041f\u0440\u0438\u044f\u0442\u043d\u043e\u0433\u043e \u0412\u0430\u043c \u0430\u043f\u043f\u0435\u0442\u0438\u0442\u0430! :)", "recipe": 4, "title": "\u0413\u043e\u0442\u043e\u0432\u043e!"}}, {"pk": 38, "model": "recipes.recipessteps", "fields": {"image": "recipe/ppp_1.jpg", "desc": "\u0413\u043e\u0442\u043e\u0432\u0438\u043c \u0431\u0443\u043b\u044c\u043e\u043d \u0438\u0437 \u0431\u0430\u0440\u0430\u043d\u0438\u043d\u044b \u043d\u0430 \u043a\u043e\u0441\u0442\u0438.\r\n\r\n\u041f\u043e-\u043f\u043e\u044f\u0432\u043b\u0435\u043d\u0438\u044e, \u0441\u043d\u0438\u043c\u0430\u0435\u043c \u043f\u0435\u043d\u043a\u0443.", "recipe": 5, "title": "\u0428\u0430\u0433 1"}}, {"pk": 39, "model": "recipes.recipessteps", "fields": {"image": "recipe/ppp_2.jpg", "desc": "\u0412\u044b\u043a\u043b\u0430\u0434\u044b\u0432\u0430\u0435\u043c \u043c\u044f\u0441\u043e \u043d\u0430 \u043e\u0442\u0434\u0435\u043b\u044c\u043d\u0443\u044e \u0442\u0430\u0440\u0435\u043b\u043a\u0443.", "recipe": 5, "title": "\u0428\u0430\u0433 2"}}, {"pk": 40, "model": "recipes.recipessteps", "fields": {"image": "recipe/ppp_3.jpg", "desc": "\u0417\u0430\u0441\u044b\u043f\u0430\u0435\u043c \u0432 \u0431\u0443\u043b\u044c\u043e\u043d \u0440\u0438\u0441.\r\n\r\n\u0413\u043e\u0442\u043e\u0432\u0438\u043c \u043f\u043e\u0434\u0436\u0430\u0440\u043a\u0443.", "recipe": 5, "title": "\u0428\u0430\u0433 3"}}, {"pk": 41, "model": "recipes.recipessteps", "fields": {"image": "recipe/ppp_4.jpg", "desc": "\u0420\u0435\u0436\u0435\u043c \u043b\u0443\u043a.", "recipe": 5, "title": "\u0428\u0430\u0433 4"}}, {"pk": 42, "model": "recipes.recipessteps", "fields": {"image": "recipe/ppp_5.jpg", "desc": "\u0420\u0435\u0436\u0435\u043c \u043f\u043e\u043c\u0438\u0434\u043e\u0440.", "recipe": 5, "title": "\u0428\u0430\u0433 5"}}, {"pk": 43, "model": "recipes.recipessteps", "fields": {"image": "recipe/ppp_7.jpg", "desc": "\u041f\u043e\u0434\u0436\u0430\u0440\u0438\u0432\u0430\u0435\u043c \u043b\u0443\u043a.", "recipe": 5, "title": "\u0428\u0430\u0433 6"}}, {"pk": 44, "model": "recipes.recipessteps", "fields": {"image": "recipe/ppp_8.jpg", "desc": "\u0414\u043e\u0431\u0430\u0432\u043b\u044f\u0435\u043c \u043a \u043b\u0443\u043a\u0443 \u043f\u043e\u043c\u0438\u0434\u043e\u0440.\r\n\r\n\u0416\u0430\u0440\u0438\u043c.", "recipe": 5, "title": "\u0428\u0430\u0433 7"}}, {"pk": 45, "model": "recipes.recipessteps", "fields": {"image": "recipe/ppp_10.jpg", "desc": "\u0420\u0435\u0436\u0435\u043c \u0447\u0435\u0441\u043d\u043e\u043a.", "recipe": 5, "title": "\u0428\u0430\u0433 8"}}, {"pk": 46, "model": "recipes.recipessteps", "fields": {"image": "recipe/ppp_11.jpg", "desc": "\u041e\u0432\u043e\u0449\u0438 \u0441\u043a\u0432\u043e\u0440\u0447\u0430\u0442\u2026", "recipe": 5, "title": "\u0428\u0430\u0433 9"}}, {"pk": 47, "model": "recipes.recipessteps", "fields": {"image": "recipe/ppp_12.jpg", "desc": "\u0414\u043e\u0431\u0430\u0432\u043b\u044f\u0435\u043c \u0440\u0443\u0431\u043b\u0435\u043d\u044b\u0439 \u0447\u0435\u0441\u043d\u043e\u043a.", "recipe": 5, "title": "\u0428\u0430\u0433 10"}}, {"pk": 48, "model": "recipes.recipessteps", "fields": {"image": "recipe/ppp_13.jpg", "desc": "\u041f\u0435\u0440\u0435\u043c\u0435\u0448\u0438\u0432\u0430\u0435\u043c.", "recipe": 5, "title": "\u0428\u0430\u0433 11"}}, {"pk": 49, "model": "recipes.recipessteps", "fields": {"image": "recipe/ppp_14.jpg", "desc": "\u0417\u0430\u043b\u0438\u0432\u0430\u0435\u043c \u0442\u043e\u043c\u0430\u0442\u043d\u0443\u044e \u043f\u0430\u0441\u0442\u0443.\r\n\r\n\u0414\u043e\u0431\u0430\u0432\u043b\u044f\u0435\u043c \u0441\u043f\u0435\u0446\u0438\u0438 \u043f\u043e-\u0432\u043a\u0443\u0441\u0443.", "recipe": 5, "title": "\u0428\u0430\u0433 12"}}, {"pk": 50, "model": "recipes.recipessteps", "fields": {"image": "recipe/ppp_15.jpg", "desc": "\u041f\u0435\u0440\u0435\u043c\u0435\u0448\u0438\u0432\u0430\u0435\u043c. \u0414\u043e\u0431\u0430\u0432\u043b\u044f\u0435\u043c \u043d\u0435\u043c\u043d\u043e\u0433\u043e \u043a\u0438\u043f\u044f\u0447\u0435\u043d\u043e\u0439 \u0432\u043e\u0434\u044b.", "recipe": 5, "title": "\u0428\u0430\u0433 13"}}, {"pk": 51, "model": "recipes.recipessteps", "fields": {"image": "recipe/ppp_4_1.jpg", "desc": "\u0421\u0440\u0435\u0437\u0430\u0435\u043c \u0432\u0430\u0440\u0451\u043d\u043e\u0435 \u043c\u044f\u0441\u043e \u0441 \u043a\u043e\u0441\u0442\u0438.", "recipe": 5, "title": "\u0428\u0430\u0433 14"}}, {"pk": 52, "model": "recipes.recipessteps", "fields": {"image": "recipe/ppp_16.jpg", "desc": "\u041e\u0442\u043f\u0440\u0430\u0432\u043b\u044f\u0435\u043c \u0432 \u043a\u0430\u0441\u0442\u0440\u044e\u043b\u044e \u043a \u0440\u0438\u0441\u0443 \u0438 \u0441\u043f\u0435\u0446\u0438\u044f\u043c.", "recipe": 5, "title": "\u0428\u0430\u0433 15"}}, {"pk": 53, "model": "recipes.recipessteps", "fields": {"image": "recipe/ppp_17.jpg", "desc": "\u0414\u043e\u0431\u0430\u0432\u043b\u044f\u0435\u043c \u0437\u0430\u0436\u0430\u0440\u043a\u0443 \u0432 \u0431\u0443\u043b\u044c\u043e\u043d.\r\n\r\n\u041f\u0435\u0440\u0435\u043c\u0435\u0448\u0438\u0432\u0430\u0435\u043c. \u0422\u043e\u043c\u0438\u043c.", "recipe": 5, "title": "\u0428\u0430\u0433 16"}}, {"pk": 54, "model": "recipes.recipessteps", "fields": {"image": "recipe/ppp_111_1.jpg", "desc": "\r\n\r\n\u0423\u043a\u0440\u0430\u0448\u0430\u0435\u043c \u0437\u0435\u043b\u0435\u043d\u044c\u044e\u2026\u0412\u0443\u0430-\u043b\u044f!\r\n\r\n\u0425\u0430\u0440\u0447\u043e \u2014 \u043e\u0441\u0442\u0440\u043e \u0438 \u0433\u043e\u0440\u044f\u0447\u043e! ;-)\r\n\r\n \r\n\r\n\u041f\u0440\u0438\u044f\u0442\u043d\u0435\u0439\u0448\u0435\u0433\u043e \u0412\u0430\u043c \u0430\u043f\u043f\u0435\u0442\u0438\u0442\u0430! :)", "recipe": 5, "title": "\u0413\u043e\u0442\u043e\u0432\u043e!"}}, {"pk": 3, "model": "recipes.recipescomments", "fields": {"comment": "ghmghmgh", "is_pub": false, "datetime": "2013-11-07T06:00:00Z", "recipe": 1, "author": "ghmghm"}}, {"pk": 4, "model": "recipes.recipescomments", "fields": {"comment": "hmghm ghmg", "is_pub": false, "datetime": "2013-11-07T06:00:00Z", "recipe": 1, "author": "gmghm g"}}, {"pk": 5, "model": "recipes.recipescomments", "fields": {"comment": "fgnfg", "is_pub": false, "datetime": "2013-11-07T06:00:00Z", "recipe": 1, "author": "nfgn"}}, {"pk": 6, "model": "recipes.recipescomments", "fields": {"comment": "mmmmmmmmmmmmmmm", "is_pub": false, "datetime": "2013-11-07T06:00:00Z", "recipe": 1, "author": "mmmmmmmmmmmm"}}]